Name,Address,ID
David Green,"456 Oak St, NY",1
Charlie White,"123 Elm Street, NY",2
David Green,"404 Ash Rd, TX",3
Eva Black,"123 Elm St, NY",4
John Smith,"505 Walnut Dr, FL",5
Bob Brown,"123 Elm Street, NY",6
Grace Lee,"202 Birch Ave, CA",7
Charlie White,"123 Elm St, NY",8
Jane Doe,"303 Cedar Blvd, TX",9
Charlie White,"202 Birch Ave, CA",10
Bob Brown,"101 Maple St, CA",11
Eva Black,"303 Cedar Blvd, TX",12
Alice Johnson,"101 Maple St, CA",13
Jane Doe,"123 Elm Street, NY",14
Eva Black,"101 Maple St, CA",15
Grace Lee,"303 Cedar Blvd, TX",16
Charlie White,"101 Maple St, CA",17
Alice Johnson,"404 Ash Rd, TX",18
Grace Lee,"404 Ash Rd, TX",19
Jon Smith,"456 Oak St, NY",20
Jane Doe,"606 Cherry Ln, FL",21
Grace Lee,"606 Cherry Ln, FL",23
Alice Johnson,"606 Cherry Ln, FL",25
John Smith,"606 Cherry Ln, FL",27
Eva Black,"505 Walnut Dr, FL",28
Bob Brown,"456 Oak St, NY",29
John Smith,"123 Elm St, NY",31
Frank Harris,"404 Ash Rd, TX",32
Eva Black,"456 Oak St, NY",33
Bob Brown,"202 Birch Ave, CA",34
Jane Doe,"101 Maple St, CA",35
Frank Harris,"456 Oak St, NY",36
Alice Johnson,"789 Pine St, NY",39
Jon Smith,"789 Pine St, NY",41
Jane Doe,"505 Walnut Dr, FL",42
Jane Doe,"789 Pine St, NY",44
Jon Smith,"404 Ash Rd, TX",47
John Smith,"303 Cedar Blvd, TX",48
Grace Lee,"505 Walnut Dr, FL",49
John Smith,"123 Elm Street, NY",54
Charlie White,"456 Oak St, NY",56
Frank Harris,"303 Cedar Blvd, TX",57
Grace Lee,"456 Oak St, NY",59
Jane Doe,"202 Birch Ave, CA",60
Jane Doe,"404 Ash Rd, TX",61
David Green,"606 Cherry Ln, FL",62
Frank Harris,"505 Walnut Dr, FL",65
Frank Harris,"789 Pine St, NY",68
Frank Harris,"123 Elm Street, NY",78
Bob Brown,"404 Ash Rd, TX",85
Eva Black,"789 Pine St, NY",93
Frank Harris,"202 Birch Ave, CA",96
Alice Johnson,"456 Oak St, NY",98
Bob Brown,"505 Walnut Dr, FL",99
Bob Brown,"123 Elm St, NY",101
David Green,"101 Maple St, CA",102
John Smith,"202 Birch Ave, CA",108
David Green,"789 Pine St, NY",112
Alice Johnson,"123 Elm Street, NY",113
Eva Black,"404 Ash Rd, TX",116
Bob Brown,"303 Cedar Blvd, TX",121
Grace Lee,"123 Elm Street, NY",122
Charlie White,"303 Cedar Blvd, TX",124
Eva Black,"123 Elm Street, NY",125
David Green,"303 Cedar Blvd, TX",126
Alice Johnson,"303 Cedar Blvd, TX",130
Grace Lee,"101 Maple St, CA",133
David Green,"123 Elm Street, NY",136
Jane Doe,"456 Oak St, NY",142
Alice Johnson,"123 Elm St, NY",148
Charlie White,"505 Walnut Dr, FL",149
Eva Black,"202 Birch Ave, CA",160
Jane Doe,"123 Elm St, NY",162
Alice Johnson,"202 Birch Ave, CA",165
Frank Harris,"606 Cherry Ln, FL",169
Grace Lee,"789 Pine St, NY",176
David Green,"123 Elm St, NY",177
David Green,"202 Birch Ave, CA",188
John Smith,"101 Maple St, CA",200
Charlie White,"789 Pine St, NY",202
Charlie White,"606 Cherry Ln, FL",209
Bob Brown,"789 Pine St, NY",212
David Green,"505 Walnut Dr, FL",227
Grace Lee,"123 Elm St, NY",236
Bob Brown,"606 Cherry Ln, FL",251
Alice Johnson,"505 Walnut Dr, FL",252
