Name,Address,ID
David Green,"456 Oak St, NY",1
Charlie White,"123 Elm Street, NY",2
David Green,"404 Ash Rd, TX",3
Eva Black,"123 Elm St, NY",4
John Smith,"505 Walnut Dr, FL",5
Bob Brown,"123 Elm Street, NY",6
Grace Lee,"202 Birch Ave, CA",7
Charlie White,"123 Elm St, NY",8
Jane Doe,"303 Cedar Blvd, TX",9
Charlie White,"202 Birch Ave, CA",10
Bob Brown,"101 Maple St, CA",11
Eva Black,"303 Cedar Blvd, TX",12
Alice Johnson,"101 Maple St, CA",13
Jane Doe,"123 Elm Street, NY",14
Eva Black,"101 Maple St, CA",15
Grace Lee,"303 Cedar Blvd, TX",16
Charlie White,"101 Maple St, CA",17
Alice Johnson,"404 Ash Rd, TX",18
Grace Lee,"404 Ash Rd, TX",19
Jon Smith,"456 Oak St, NY",20
Jane Doe,"606 Cherry Ln, FL",21
Jon Smith,"505 Walnut Dr, FL",22
Grace Lee,"606 Cherry Ln, FL",23
Charlie White,"123 Elm Street, NY",24
Alice Johnson,"606 Cherry Ln, FL",25
Charlie White,"123 Elm Street, NY",26
John Smith,"606 Cherry Ln, FL",27
Eva Black,"505 Walnut Dr, FL",28
Bob Brown,"456 Oak St, NY",29
John Smith,"505 Walnut Dr, FL",30
John Smith,"123 Elm St, NY",31
Frank Harris,"404 Ash Rd, TX",32
Eva Black,"456 Oak St, NY",33
Bob Brown,"202 Birch Ave, CA",34
Jane Doe,"101 Maple St, CA",35
Frank Harris,"456 Oak St, NY",36
Eva Black,"303 Cedar Blvd, TX",37
Eva Black,"456 Oak St, NY",38
Alice Johnson,"789 Pine St, NY",39
Jane Doe,"606 Cherry Ln, FL",40
Jon Smith,"789 Pine St, NY",41
Jane Doe,"505 Walnut Dr, FL",42
Grace Lee,"202 Birch Ave, CA",43
Jane Doe,"789 Pine St, NY",44
John Smith,"606 Cherry Ln, FL",45
Charlie White,"101 Maple St, CA",46
Jon Smith,"404 Ash Rd, TX",47
John Smith,"303 Cedar Blvd, TX",48
Grace Lee,"505 Walnut Dr, FL",49
Grace Lee,"404 Ash Rd, TX",50
John Smith,"404 Ash Rd, TX",51
Jon Smith,"456 Oak St, NY",52
Jon Smith,"505 Walnut Dr, FL",53
John Smith,"123 Elm Street, NY",54
Bob Brown,"101 Maple St, CA",55
Charlie White,"456 Oak St, NY",56
Frank Harris,"303 Cedar Blvd, TX",57
Eva Black,"123 Elm St, NY",58
Grace Lee,"456 Oak St, NY",59
Jane Doe,"202 Birch Ave, CA",60
Jane Doe,"404 Ash Rd, TX",61
David Green,"606 Cherry Ln, FL",62
David Green,"456 Oak St, NY",63
Charlie White,"456 Oak St, NY",64
Frank Harris,"505 Walnut Dr, FL",65
Eva Black,"456 Oak St, NY",66
Jon Smith,"456 Oak St, NY",67
Frank Harris,"789 Pine St, NY",68
Grace Lee,"303 Cedar Blvd, TX",69
David Green,"456 Oak St, NY",70
Eva Black,"456 Oak St, NY",71
Jon Smith,"505 Walnut Dr, FL",72
Alice Johnson,"101 Maple St, CA",73
Charlie White,"101 Maple St, CA",74
Frank Harris,"789 Pine St, NY",75
Eva Black,"505 Walnut Dr, FL",76
John Smith,"303 Cedar Blvd, TX",77
Frank Harris,"123 Elm Street, NY",78
Jon Smith,"789 Pine St, NY",79
Frank Harris,"456 Oak St, NY",80
David Green,"404 Ash Rd, TX",81
John Smith,"505 Walnut Dr, FL",82
Alice Johnson,"606 Cherry Ln, FL",83
Grace Lee,"456 Oak St, NY",84
Bob Brown,"404 Ash Rd, TX",85
John Smith,"456 Oak St, NY",86
Bob Brown,"456 Oak St, NY",87
Jane Doe,"404 Ash Rd, TX",88
John Smith,"123 Elm St, NY",89
Eva Black,"101 Maple St, CA",90
Frank Harris,"123 Elm Street, NY",91
Grace Lee,"505 Walnut Dr, FL",92
Eva Black,"789 Pine St, NY",93
John Smith,"123 Elm St, NY",94
Frank Harris,"123 Elm Street, NY",95
Frank Harris,"202 Birch Ave, CA",96
Eva Black,"123 Elm St, NY",97
Alice Johnson,"456 Oak St, NY",98
Bob Brown,"505 Walnut Dr, FL",99
Jane Doe,"606 Cherry Ln, FL",100
Bob Brown,"123 Elm St, NY",101
David Green,"101 Maple St, CA",102
Charlie White,"123 Elm Street, NY",103
Grace Lee,"456 Oak St, NY",104
John Smith,"456 Oak St, NY",105
Eva Black,"456 Oak St, NY",106
Jane Doe,"404 Ash Rd, TX",107
John Smith,"202 Birch Ave, CA",108
Jane Doe,"101 Maple St, CA",109
Frank Harris,"789 Pine St, NY",110
Charlie White,"123 Elm Street, NY",111
David Green,"789 Pine St, NY",112
Alice Johnson,"123 Elm Street, NY",113
Jane Doe,"202 Birch Ave, CA",114
Jane Doe,"505 Walnut Dr, FL",115
Eva Black,"404 Ash Rd, TX",116
Jane Doe,"303 Cedar Blvd, TX",117
Frank Harris,"303 Cedar Blvd, TX",118
Grace Lee,"505 Walnut Dr, FL",119
Bob Brown,"404 Ash Rd, TX",120
Bob Brown,"303 Cedar Blvd, TX",121
Grace Lee,"123 Elm Street, NY",122
Frank Harris,"303 Cedar Blvd, TX",123
Charlie White,"303 Cedar Blvd, TX",124
Eva Black,"123 Elm Street, NY",125
David Green,"303 Cedar Blvd, TX",126
Jon Smith,"606 Cherry Ln, FL",127
Eva Black,"123 Elm Street, NY",128
Eva Black,"789 Pine St, NY",129
Alice Johnson,"303 Cedar Blvd, TX",130
Bob Brown,"123 Elm Street, NY",131
Eva Black,"101 Maple St, CA",132
Grace Lee,"101 Maple St, CA",133
Eva Black,"123 Elm St, NY",134
Alice Johnson,"303 Cedar Blvd, TX",135
David Green,"123 Elm Street, NY",136
Grace Lee,"456 Oak St, NY",137
Jon Smith,"202 Birch Ave, CA",138
Alice Johnson,"606 Cherry Ln, FL",139
Jon Smith,"123 Elm Street, NY",140
Jane Doe,"505 Walnut Dr, FL",141
Jane Doe,"456 Oak St, NY",142
David Green,"303 Cedar Blvd, TX",143
Eva Black,"123 Elm St, NY",144
Charlie White,"303 Cedar Blvd, TX",145
John Smith,"303 Cedar Blvd, TX",146
Bob Brown,"303 Cedar Blvd, TX",147
Alice Johnson,"123 Elm St, NY",148
Charlie White,"505 Walnut Dr, FL",149
Jane Doe,"303 Cedar Blvd, TX",150
John Smith,"606 Cherry Ln, FL",151
Frank Harris,"404 Ash Rd, TX",152
Bob Brown,"404 Ash Rd, TX",153
Eva Black,"101 Maple St, CA",154
Jane Doe,"789 Pine St, NY",155
Charlie White,"303 Cedar Blvd, TX",156
Alice Johnson,"456 Oak St, NY",157
Charlie White,"123 Elm St, NY",158
Charlie White,"456 Oak St, NY",159
Eva Black,"202 Birch Ave, CA",160
Bob Brown,"123 Elm Street, NY",161
Jane Doe,"123 Elm St, NY",162
Frank Harris,"456 Oak St, NY",163
Charlie White,"202 Birch Ave, CA",164
Alice Johnson,"202 Birch Ave, CA",165
Alice Johnson,"101 Maple St, CA",166
Bob Brown,"123 Elm Street, NY",167
Jane Doe,"123 Elm Street, NY",168
Frank Harris,"606 Cherry Ln, FL",169
Frank Harris,"123 Elm Street, NY",170
Jon Smith,"123 Elm St, NY",171
Grace Lee,"101 Maple St, CA",172
Eva Black,"123 Elm St, NY",173
David Green,"456 Oak St, NY",174
Alice Johnson,"789 Pine St, NY",175
Grace Lee,"789 Pine St, NY",176
David Green,"123 Elm St, NY",177
Charlie White,"101 Maple St, CA",178
Alice Johnson,"789 Pine St, NY",179
Jon Smith,"505 Walnut Dr, FL",180
David Green,"123 Elm Street, NY",181
Frank Harris,"505 Walnut Dr, FL",182
Eva Black,"789 Pine St, NY",183
Grace Lee,"303 Cedar Blvd, TX",184
John Smith,"505 Walnut Dr, FL",185
Jon Smith,"505 Walnut Dr, FL",186
Jane Doe,"101 Maple St, CA",187
David Green,"202 Birch Ave, CA",188
David Green,"123 Elm Street, NY",189
Charlie White,"123 Elm Street, NY",190
Alice Johnson,"303 Cedar Blvd, TX",191
John Smith,"789 Pine St, NY",192
John Smith,"606 Cherry Ln, FL",193
Jon Smith,"456 Oak St, NY",194
Bob Brown,"123 Elm Street, NY",195
Frank Harris,"456 Oak St, NY",196
David Green,"202 Birch Ave, CA",197
Grace Lee,"101 Maple St, CA",198
Jane Doe,"202 Birch Ave, CA",199
John Smith,"101 Maple St, CA",200
Alice Johnson,"202 Birch Ave, CA",201
Charlie White,"789 Pine St, NY",202
Bob Brown,"456 Oak St, NY",203
John Smith,"123 Elm Street, NY",204
Jane Doe,"202 Birch Ave, CA",205
Frank Harris,"404 Ash Rd, TX",206
Jane Doe,"606 Cherry Ln, FL",207
Grace Lee,"456 Oak St, NY",208
Charlie White,"606 Cherry Ln, FL",209
Charlie White,"505 Walnut Dr, FL",210
Jon Smith,"456 Oak St, NY",211
Bob Brown,"789 Pine St, NY",212
Eva Black,"456 Oak St, NY",213
Jon Smith,"101 Maple St, CA",214
Grace Lee,"303 Cedar Blvd, TX",215
Frank Harris,"456 Oak St, NY",216
Grace Lee,"123 Elm Street, NY",217
Alice Johnson,"123 Elm St, NY",218
David Green,"303 Cedar Blvd, TX",219
Grace Lee,"789 Pine St, NY",220
John Smith,"606 Cherry Ln, FL",221
David Green,"789 Pine St, NY",222
Alice Johnson,"404 Ash Rd, TX",223
John Smith,"789 Pine St, NY",224
John Smith,"101 Maple St, CA",225
Charlie White,"789 Pine St, NY",226
David Green,"505 Walnut Dr, FL",227
John Smith,"101 Maple St, CA",228
John Smith,"456 Oak St, NY",229
John Smith,"456 Oak St, NY",230
Alice Johnson,"303 Cedar Blvd, TX",231
Grace Lee,"505 Walnut Dr, FL",232
John Smith,"303 Cedar Blvd, TX",233
Jon Smith,"606 Cherry Ln, FL",234
Eva Black,"789 Pine St, NY",235
Grace Lee,"123 Elm St, NY",236
John Smith,"123 Elm Street, NY",237
John Smith,"101 Maple St, CA",238
David Green,"123 Elm Street, NY",239
Grace Lee,"202 Birch Ave, CA",240
Alice Johnson,"456 Oak St, NY",241
Frank Harris,"202 Birch Ave, CA",242
Jon Smith,"606 Cherry Ln, FL",243
Jon Smith,"202 Birch Ave, CA",244
Alice Johnson,"123 Elm Street, NY",245
John Smith,"123 Elm Street, NY",246
John Smith,"456 Oak St, NY",247
Jane Doe,"101 Maple St, CA",248
Jon Smith,"606 Cherry Ln, FL",249
Frank Harris,"505 Walnut Dr, FL",250
Bob Brown,"606 Cherry Ln, FL",251
Alice Johnson,"505 Walnut Dr, FL",252
David Green,"202 Birch Ave, CA",253
Eva Black,"123 Elm St, NY",254
Jon Smith,"789 Pine St, NY",255
John Smith,"404 Ash Rd, TX",256
John Smith,"505 Walnut Dr, FL",257
Bob Brown,"505 Walnut Dr, FL",258
Grace Lee,"123 Elm St, NY",259
Jon Smith,"123 Elm Street, NY",260
Bob Brown,"456 Oak St, NY",261
Grace Lee,"606 Cherry Ln, FL",262
Grace Lee,"123 Elm St, NY",263
Grace Lee,"606 Cherry Ln, FL",264
Alice Johnson,"101 Maple St, CA",265
Grace Lee,"505 Walnut Dr, FL",266
Charlie White,"505 Walnut Dr, FL",267
Frank Harris,"202 Birch Ave, CA",268
Eva Black,"123 Elm Street, NY",269
Jon Smith,"123 Elm Street, NY",270
Alice Johnson,"123 Elm St, NY",271
Jane Doe,"123 Elm Street, NY",272
Eva Black,"123 Elm Street, NY",273
Frank Harris,"202 Birch Ave, CA",274
David Green,"606 Cherry Ln, FL",275
Charlie White,"505 Walnut Dr, FL",276
David Green,"505 Walnut Dr, FL",277
Alice Johnson,"202 Birch Ave, CA",278
Alice Johnson,"456 Oak St, NY",279
John Smith,"303 Cedar Blvd, TX",280
David Green,"789 Pine St, NY",281
Jane Doe,"202 Birch Ave, CA",282
Bob Brown,"303 Cedar Blvd, TX",283
Alice Johnson,"303 Cedar Blvd, TX",284
Alice Johnson,"789 Pine St, NY",285
Jane Doe,"123 Elm St, NY",286
Charlie White,"456 Oak St, NY",287
John Smith,"123 Elm Street, NY",288
David Green,"123 Elm St, NY",289
Grace Lee,"303 Cedar Blvd, TX",290
Grace Lee,"505 Walnut Dr, FL",291
Jane Doe,"123 Elm Street, NY",292
Grace Lee,"505 Walnut Dr, FL",293
Alice Johnson,"606 Cherry Ln, FL",294
Grace Lee,"202 Birch Ave, CA",295
Alice Johnson,"789 Pine St, NY",296
Alice Johnson,"606 Cherry Ln, FL",297
John Smith,"789 Pine St, NY",298
Bob Brown,"456 Oak St, NY",299
Jon Smith,"456 Oak St, NY",300
